Div,Date,Time,HomeTeam,AwayTeam,FTHG,FTAG,FTR,HTHG,HTAG,HTR,Referee,HS,AS,HST,AST,HF,AF,HC,AC,HY,AY,HR,AR,B365H,B365D,B365A,BWH,BWD,BWA,IWH,IWD,IWA,PSH,PSD,PSA,WHH,WHD,WHA,VCH,VCD,VCA,MaxH,MaxD,MaxA,AvgH,AvgD,AvgA,B365>2.5,B365<2.5,P>2.5,P<2.5,Max>2.5,Max<2.5,Avg>2.5,Avg<2.5,AHh,B365AHH,B365AHA,PAHH,PAHA,MaxAHH,MaxAHA,AvgAHH,AvgAHA,B365CH,B365CD,B365CA,BWCH,BWCD,BWCA,IWCH,IWCD,IWCA,PSCH,PSCD,PSCA,WHCH,WHCD,WHCA,VCCH,VCCD,VCCA,MaxCH,MaxCD,MaxCA,AvgCH,AvgCD,AvgCA,B365C>2.5,B365C<2.5,PC>2.5,PC<2.5,MaxC>2.5,MaxC<2.5,AvgC>2.5,AvgC<2.5,AHCh,B365CAHH,B365CAHA,PCAHH,PCAHA,MaxCAHH,MaxCAHA,AvgCAHH,AvgCAHA
SC1,16/10/2020,19:45,Hearts,Dundee,6,2,H,4,1,H,D Munro,22,11,9,6,13,15,8,3,2,3,0,0,1.72,4,4.33,1.65,3.6,4.4,1.7,3.4,4.7,1.75,3.8,5.12,1.73,3.4,4.6,1.75,3.6,4.8,1.77,4,5.12,1.72,3.6,4.66,2,1.8,2.03,1.86,2.04,1.88,1.96,1.81,-0.75,2,1.85,1.98,1.92,2.04,1.95,1.97,1.86,1.7,4,4.5,1.65,3.6,4.4,1.7,3.4,4.6,1.73,3.83,5.22,1.67,3.5,4.8,1.73,3.75,5,1.75,4,5.22,1.69,3.64,4.72,2,1.8,2.06,1.83,2.07,1.92,1.95,1.82,-0.75,1.95,1.9,1.96,1.94,1.98,1.95,1.93,1.9
SC1,17/10/2020,15:00,Ayr,Queen of Sth,2,1,H,2,0,H,S McLean,7,14,4,8,15,7,6,6,2,1,1,1,1.8,3.8,3.6,1.8,3.75,3.5,1.8,3.6,3.85,1.74,4.1,4.62,1.83,3.6,3.8,1.9,3.7,4,1.9,4.1,4.62,1.8,3.72,3.91,1.66,2.15,1.69,2.23,1.84,2.23,1.7,2.1,-0.5,1.88,1.98,1.76,2.15,1.9,2.2,1.81,2,1.9,3.8,3.75,1.8,3.7,3.5,1.95,3.3,3.55,1.98,3.66,4,1.91,3.4,3.7,1.95,3.5,3.9,2,3.8,4,1.91,3.54,3.66,1.8,2,1.83,2.06,1.85,2.12,1.76,2,-0.5,1.95,1.9,1.98,1.93,2.01,1.96,1.93,1.89
SC1,17/10/2020,15:00,Dunfermline,Inverness C,3,1,H,1,1,D,W Collum,12,5,6,1,11,8,6,6,3,1,0,0,2.37,3.4,2.7,2.35,3.3,2.6,2.4,3.15,2.75,2.46,3.45,2.97,2.38,3.2,2.8,2.45,3.3,2.9,2.5,3.45,2.97,2.38,3.32,2.78,1.95,1.85,1.94,1.93,1.97,1.93,1.89,1.87,0,1.8,2.05,1.77,2.14,1.83,2.14,1.77,2.05,2,3.5,3.4,1.9,3.5,3.4,2.05,3.2,3.4,2.07,3.53,3.81,2.05,3.25,3.4,2.1,3.5,3.5,2.1,3.56,3.82,2,3.42,3.49,1.95,1.85,1.97,1.92,1.99,1.92,1.92,1.85,-0.25,1.8,2,1.78,2.14,1.84,2.18,1.75,2.09
SC1,17/10/2020,15:00,Morton,Alloa,1,0,H,1,0,H,A Newlands,14,9,1,1,19,6,5,5,0,3,1,1,1.83,3.8,3.5,1.8,3.7,3.5,1.9,3.45,3.55,1.94,3.89,3.81,1.88,3.5,3.7,1.95,3.6,3.9,1.95,3.89,3.9,1.89,3.63,3.62,1.85,1.95,1.88,1.98,1.91,1.99,1.84,1.92,-0.5,1.93,1.93,1.94,1.94,1.96,1.95,1.9,1.9,1.75,3.8,3.75,1.8,3.7,3.5,1.9,3.45,3.65,1.95,3.97,3.79,1.85,3.6,3.7,1.9,3.7,4,1.97,3.97,4,1.88,3.66,3.65,1.85,1.95,1.85,2.04,1.92,2.04,1.82,1.94,-0.5,1.9,1.95,1.95,1.95,1.96,1.99,1.9,1.92
SC1,17/10/2020,15:00,Raith Rvs,Arbroath,3,0,H,3,0,H,G Duncan,15,8,6,2,16,23,6,4,2,1,0,1,2.75,3.5,2.25,2.55,3.4,2.35,2.65,3.35,2.35,2.88,3.73,2.39,2.7,3.4,2.38,2.75,3.5,2.5,2.88,3.73,2.58,2.71,3.51,2.35,1.8,2,1.84,2.04,1.88,2.04,1.79,1.97,0,2.08,1.73,2.13,1.77,2.13,1.88,2.02,1.78,2.4,3.5,2.55,2.45,3.4,2.45,2.45,3.05,2.7,2.58,3.52,2.82,2.55,3.2,2.6,2.7,3.4,2.63,2.7,3.52,2.88,2.51,3.35,2.62,2,1.8,2.06,1.84,2.06,1.97,1.94,1.82,0,1.88,1.98,1.87,2.04,1.95,2.06,1.87,1.95
SC1,23/10/2020,19:45,Arbroath,Hearts,0,1,A,0,0,D,G Aitken,6,13,2,4,8,10,6,9,1,1,0,0,13,5,1.28,8.5,5.25,1.25,10,4.9,1.27,11.45,5.5,1.31,11,4.8,1.27,12,5,1.3,13,5.5,1.31,10.18,5.08,1.28,1.75,2.05,1.79,2.11,1.8,2.15,1.74,2.03,1.5,1.98,1.88,2,1.9,2.01,1.95,1.93,1.88,13,5.75,1.22,9.75,5.25,1.22,12,5.5,1.22,13.88,6.23,1.25,13,5.5,1.2,15,6,1.22,15,6.23,1.26,12.18,5.74,1.22,1.66,2.15,1.71,2.22,1.73,2.23,1.67,2.14,1.75,1.88,1.98,1.91,2,1.95,2,1.89,1.93
SC1,24/10/2020,15:00,Alloa,Dunfermline,1,4,A,1,1,D,D Robertson,14,8,8,6,13,12,8,3,0,0,0,0,3.75,3.6,1.9,3.5,3.7,1.8,3.85,3.5,1.83,4.34,3.9,1.82,3.9,3.5,1.83,4.2,3.6,1.85,4.36,3.9,1.93,3.89,3.64,1.82,1.75,2.05,1.78,2.1,1.8,2.1,1.75,2,0.5,1.98,1.88,2.07,1.81,2.07,1.93,1.95,1.84,4.75,4,1.65,4.75,3.8,1.57,4.4,3.65,1.7,4.74,4.03,1.75,4.5,3.7,1.67,4.8,3.8,1.73,5,4.03,1.75,4.5,3.78,1.69,1.85,1.95,1.88,2.01,1.89,2.1,1.8,1.97,0.75,1.95,1.9,1.93,1.97,2,1.97,1.92,1.91
SC1,24/10/2020,15:00,Dundee,Morton,1,0,H,1,0,H,G Ross,3,6,3,3,6,15,11,3,2,2,0,1,1.75,3.5,4.75,1.7,3.7,4,1.77,3.35,4.2,1.8,3.81,4.59,1.75,3.5,4.33,1.83,3.5,4.5,1.83,3.81,4.75,1.76,3.55,4.29,2,1.8,2.01,1.86,2.06,1.87,1.97,1.78,-0.75,2.02,1.83,2.07,1.83,2.1,1.84,2.02,1.79,1.61,3.6,5.5,1.6,3.7,4.6,1.67,3.5,4.7,1.69,4.01,5.22,1.63,3.6,5,1.65,3.8,5.5,1.72,4.01,5.5,1.64,3.73,4.91,2,1.8,2.03,1.86,2.04,1.88,1.95,1.81,-0.75,1.88,1.98,1.92,1.98,1.95,2.03,1.88,1.94
SC1,24/10/2020,15:00,Inverness C,Ayr,1,1,D,0,0,D,A Muir,11,10,6,6,10,7,8,7,3,1,0,0,2.25,3.4,3.1,2.1,3.3,3,2.3,3.2,2.9,2.38,3.53,3.04,2.25,3.2,3,2.25,3.3,3.13,2.38,3.53,3.13,2.25,3.33,2.97,1.93,1.93,1.97,1.9,1.98,1.94,1.9,1.85,-0.25,1.98,1.88,2.23,1.7,2.23,2.05,1.97,1.84,2.5,3.3,2.75,2.4,3.2,2.6,2.5,3.05,2.7,2.6,3.44,2.83,2.5,3.1,2.7,2.55,3.4,2.75,2.63,3.44,2.86,2.49,3.26,2.69,2.05,1.75,2.1,1.79,2.11,1.85,1.99,1.78,0,1.85,2,1.87,2.04,1.92,2.05,1.83,1.99
SC1,24/10/2020,15:00,Queen of Sth,Raith Rvs,2,5,A,1,3,A,E Anderson,12,11,8,9,8,10,9,7,1,1,0,0,2.6,3.4,2.6,2.5,3.3,2.45,2.55,3.2,2.5,2.71,3.55,2.62,2.6,3.25,2.5,2.63,3.3,2.63,2.71,3.55,2.7,2.58,3.35,2.53,1.88,1.98,1.83,2.04,1.97,2.04,1.83,1.93,0,1.95,1.9,1.98,1.91,2.03,1.94,1.93,1.87,2.75,3.4,2.45,2.5,3.3,2.45,2.7,3.1,2.4,2.91,3.41,2.56,2.75,3.1,2.45,2.8,3.3,2.55,2.92,3.45,2.6,2.72,3.29,2.46,1.9,1.9,1.96,1.92,1.96,1.96,1.88,1.88,0,2.02,1.83,2.09,1.83,2.09,1.9,2,1.82
SC1,31/10/2020,15:00,Dundee,Raith Rvs,1,1,D,1,0,H,A Newlands,11,5,3,2,12,12,2,8,0,2,0,0,2,3.5,3.1,1.91,3.5,3.3,2.1,3.2,3.25,2.16,3.49,3.53,2.1,3.25,3.3,2.15,3.4,3.4,2.16,3.62,3.65,2.07,3.4,3.31,1.9,1.95,1.9,1.97,1.9,2,1.83,1.92,-0.25,1.85,2,1.86,2.04,1.86,2.05,1.82,2,1.8,3.6,3.75,1.8,3.5,3.7,1.9,3.45,3.65,1.88,4,4.02,1.83,3.5,3.8,1.87,3.75,4,1.94,4,4.06,1.86,3.65,3.75,1.75,2.05,1.72,2.21,1.85,2.21,1.74,2.04,-0.5,1.85,2,1.88,2.03,1.95,2.05,1.87,1.95
SC1,31/10/2020,15:00,Dunfermline,Queen of Sth,3,2,H,2,0,H,G Irvine,11,11,6,2,11,14,6,8,0,2,0,0,1.57,3.6,5,1.6,3.6,4.75,1.6,3.7,5,1.62,4.11,5.65,1.6,3.75,5,1.67,3.8,5.25,1.67,4.19,5.65,1.6,3.87,5.07,1.9,1.95,1.86,2.01,1.94,2.03,1.84,1.92,-0.75,1.85,2,1.81,2.1,1.9,2.12,1.81,2.01,1.6,3.6,4.75,1.55,3.7,5.25,1.7,3.55,4.5,1.74,3.85,5.14,1.65,3.7,4.6,1.65,4,5.25,1.74,4.06,5.36,1.65,3.77,4.8,1.8,2,1.89,1.99,1.89,2.07,1.79,1.97,-0.75,1.93,1.93,1.96,1.94,1.98,2,1.88,1.95
SC1,31/10/2020,15:00,Inverness C,Arbroath,3,1,H,0,1,A,C Steven,7,7,4,2,10,13,4,2,1,0,0,0,2.05,3.4,3,2,3.4,3.2,2.2,3.35,2.95,2.23,3.78,3.11,2.15,3.4,3,2.25,3.4,3.2,2.27,3.78,3.2,2.15,3.48,3.06,1.95,1.9,1.94,1.93,1.97,1.93,1.91,1.85,-0.25,1.98,1.88,1.95,1.93,2,1.95,1.91,1.9,2,3.4,3.1,2.15,3.3,2.9,2.1,3.25,3.25,2.15,3.75,3.37,2.15,3.2,3.2,2.2,3.4,3.3,2.23,3.75,3.47,2.11,3.46,3.16,1.95,1.85,1.96,1.93,2.02,1.93,1.91,1.85,-0.25,1.88,1.98,1.87,2.04,1.95,2.06,1.87,1.95
SC1,31/10/2020,15:00,Morton,Ayr,3,2,H,0,1,A,G Aitken,11,16,8,4,10,10,7,4,1,0,0,1,2.75,3.4,2.2,2.7,3.25,2.3,2.9,3.15,2.3,3.18,3.36,2.37,2.88,3.25,2.3,3,3.4,2.38,3.18,3.55,2.39,2.92,3.32,2.29,1.85,2,1.85,2.02,1.88,2.06,1.79,1.98,0.25,1.83,2.02,1.86,2.03,1.87,2.05,1.81,2,2.2,3.4,2.75,2.4,3.3,2.55,2.3,3.15,2.85,2.4,3.51,3.06,2.3,3.2,2.9,2.4,3.3,3,2.63,3.53,3.13,2.33,3.36,2.85,1.85,1.95,1.88,2,1.9,2.06,1.81,1.96,-0.25,2.02,1.83,2.07,1.85,2.08,1.91,2.02,1.81
SC1,06/11/2020,19:45,Alloa,Dundee,3,3,D,1,0,H,A Muir,6,12,4,7,17,20,4,10,0,1,0,0,3.8,3.5,1.9,3.5,3.4,1.87,3.65,3.15,1.97,4.12,3.55,1.96,3.75,3.25,1.95,3.9,3.5,1.95,4.12,3.55,2.01,3.72,3.38,1.95,2.07,1.72,2.06,1.83,2.15,1.83,2.03,1.75,0.5,1.9,1.95,1.93,1.96,1.93,2,1.85,1.95,4,3.6,1.85,3.5,3.4,1.87,3.8,3.25,1.9,4.16,3.6,1.93,3.9,3.3,1.88,4,3.6,1.93,4.16,3.6,1.98,3.82,3.43,1.9,2.05,1.75,2.02,1.85,2.15,1.88,2.01,1.76,0.5,1.95,1.9,1.95,1.93,1.98,1.95,1.9,1.9
SC1,07/11/2020,15:00,Arbroath,Queen of Sth,1,1,D,0,1,A,D Lowe,14,11,5,3,13,8,11,0,3,4,0,0,2.15,3.2,3.2,2.25,3.1,2.95,2.15,3.25,3.15,2.12,3.65,3.4,2.15,3.3,3.1,2.25,3.3,3.3,2.25,3.67,3.4,2.13,3.36,3.19,2,1.8,1.95,1.9,2.04,1.9,1.94,1.81,-0.25,1.93,1.93,1.84,2.03,1.97,2.03,1.88,1.93,2.45,3.1,2.75,2.25,3.1,2.95,2.45,3.15,2.7,2.6,3.43,2.79,2.3,3.25,2.88,2.25,3.5,3.1,2.67,3.52,3.1,2.38,3.32,2.79,1.9,1.9,1.92,1.95,1.94,1.99,1.87,1.9,0,1.85,2,1.88,2.02,1.9,2.22,1.76,2.07
SC1,07/11/2020,15:00,Ayr,Dunfermline,0,0,D,0,0,D,C Napier,2,9,1,4,23,4,3,7,2,2,0,0,3,3.5,2.1,2.8,3.5,2.15,2.8,3.4,2.25,2.94,3.76,2.31,2.9,3.3,2.25,3,3.5,2.3,3.02,3.78,2.31,2.87,3.52,2.22,1.72,2.07,1.69,2.21,1.82,2.22,1.7,2.08,0.25,1.85,2,1.86,2.02,1.89,2.02,1.84,1.96,2.7,3.4,2.37,2.55,3.4,2.35,2.65,3.25,2.35,2.78,3.64,2.51,2.8,3.4,2.3,2.88,3.4,2.4,2.88,3.64,2.51,2.7,3.44,2.38,1.72,2.07,1.76,2.13,1.77,2.16,1.71,2.09,0,2.02,1.83,2.05,1.85,2.11,1.88,2.03,1.78
SC1,07/11/2020,15:00,Hearts,Inverness C,2,1,H,0,0,D,B Madden,8,8,2,3,11,14,4,5,2,1,0,0,1.4,4.33,7,1.4,4.5,5.75,1.43,4.2,6.25,1.45,4.59,7.25,1.4,4.2,7.5,1.44,4.5,7.5,1.45,4.7,7.5,1.42,4.42,6.57,1.7,2.1,1.76,2.11,1.76,2.23,1.69,2.1,-1.25,2,1.85,2.05,1.83,2.05,1.88,1.97,1.83,1.3,4.75,9,1.35,4.6,6.5,1.33,4.7,8,1.36,5.37,8.68,1.29,4.75,9.5,1.33,5,10,1.36,5.5,10,1.33,4.93,8.24,1.7,2.1,1.68,2.25,1.75,2.26,1.65,2.17,-1.5,2,1.85,2.03,1.86,2.1,1.91,1.98,1.82
SC1,07/11/2020,15:00,Raith Rvs,Morton,5,0,H,2,0,H,W Collum,11,2,7,0,13,11,10,3,1,2,0,1,1.95,3.5,3.3,2,3.6,3,2.05,3.5,3.05,2.11,3.89,3.24,2.05,3.6,3.1,2.15,3.6,3.2,2.15,3.89,3.3,2.06,3.65,3.1,1.57,2.35,1.7,2.2,1.7,2.38,1.63,2.2,-0.25,1.83,2.02,1.85,2.03,1.88,2.04,1.82,1.98,1.95,3.6,3.4,1.91,3.6,3.25,2.1,3.45,3.05,2.1,3.99,3.26,2,3.6,3.2,2,3.6,3.6,2.1,4.01,3.6,2.01,3.69,3.21,1.53,2.4,1.57,2.49,1.65,2.51,1.57,2.31,-0.5,2.02,1.77,2.09,1.8,2.09,1.88,2.01,1.8
SC1,20/11/2020,19:45,Dunfermline,Hearts,2,1,H,0,0,D,D Robertson,12,10,3,4,16,11,3,9,4,4,0,0,5.25,3.8,1.65,4.6,3.25,1.7,4.5,3.5,1.7,5.37,3.67,1.73,5,3.4,1.67,5,3.75,1.73,5.5,3.9,1.76,4.92,3.55,1.69,1.75,2.05,1.78,2.09,1.81,2.19,1.74,2.04,0.75,1.98,1.88,1.97,1.92,2.01,1.95,1.93,1.89,5,3.75,1.66,4.6,3.25,1.7,4.3,3.55,1.73,5.07,3.67,1.76,5,3.4,1.67,5,3.8,1.7,5.2,3.81,1.8,4.67,3.57,1.71,1.72,2.07,1.85,2.02,1.85,2.19,1.7,2.09,0.75,1.93,1.93,1.91,1.98,2,1.98,1.92,1.9
SC1,21/11/2020,15:00,Arbroath,Morton,0,0,D,0,0,D,S Reid,9,3,1,0,11,15,6,1,2,1,0,0,2.3,3.6,2.8,2.3,3.2,2.75,2.3,3.15,2.85,2.35,3.43,3.11,2.3,3.2,2.9,2.4,3.3,3,2.4,3.6,3.11,2.3,3.31,2.91,1.95,1.85,2.04,1.83,2.04,1.93,1.94,1.82,-0.25,2.05,1.8,2.02,1.85,2.09,1.85,2.01,1.8,2.2,3.6,2.9,2.25,3.2,2.85,2.3,3.15,2.9,2.33,3.5,3.14,2.35,3.2,2.88,2.38,3.4,3,2.38,3.6,3.21,2.28,3.33,2.94,1.95,1.9,1.92,1.95,2.01,1.96,1.9,1.87,-0.25,2,1.85,2.01,1.88,2.06,1.91,2,1.83
SC1,21/11/2020,15:00,Ayr,Dundee,2,0,H,2,0,H,G Beaton,5,12,3,6,13,12,0,14,1,2,0,0,2.8,3.6,2.3,2.8,3.25,2.25,2.8,3.25,2.3,2.96,3.58,2.37,2.88,3.25,2.3,3,3.3,2.4,3,3.61,2.4,2.85,3.41,2.3,1.85,1.95,1.94,1.91,1.95,1.96,1.89,1.86,0.25,1.8,2.05,1.83,2.06,1.85,2.09,1.79,2.02,2.75,3.6,2.37,2.8,3.25,2.25,2.7,3.15,2.4,2.81,3.56,2.52,2.7,3.25,2.4,2.88,3.4,2.45,2.9,3.6,2.54,2.76,3.37,2.39,1.93,1.93,1.93,1.94,1.95,1.99,1.88,1.88,0,2.02,1.83,2.06,1.84,2.13,1.84,2.04,1.78
SC1,21/11/2020,15:00,Inverness C,Raith Rvs,2,0,H,1,0,H,A Newlands,8,9,4,3,12,7,6,5,1,1,0,0,2.45,3.5,2.7,2.45,3.3,2.65,2.45,3.25,2.55,2.54,3.51,2.78,2.45,3.25,2.7,2.55,3.4,2.8,2.55,3.55,2.8,2.45,3.4,2.65,1.75,2.05,1.78,2.06,1.8,2.08,1.74,2.02,0,1.85,2,1.85,2.03,1.88,2.04,1.82,1.98,2.25,3.5,2.9,2.35,3.3,2.6,2.3,3.3,2.8,2.32,3.73,3,2.3,3.4,2.8,2.3,3.5,3,2.48,3.73,3,2.3,3.47,2.82,1.72,2.07,1.74,2.17,1.81,2.18,1.73,2.06,-0.25,1.98,1.88,2.02,1.87,2.1,1.9,2.02,1.8
SC1,21/11/2020,15:00,Queen of Sth,Alloa,2,0,H,1,0,H,J Beaton,10,4,4,1,18,4,10,4,3,2,0,0,2.1,3.5,3,2.1,3.4,2.95,2.2,3.2,3,2.3,3.46,3.17,2.2,3.3,3,2.3,3.3,3.13,2.3,3.62,3.19,2.2,3.38,3.02,1.85,1.95,1.9,1.95,1.9,1.97,1.84,1.92,-0.25,1.95,1.9,1.98,1.88,2,1.93,1.94,1.87,2,3.5,3.25,1.95,3.5,3.25,2.1,3.3,3.2,2.1,3.69,3.49,2.05,3.3,3.3,2.1,3.4,3.6,2.16,3.69,3.6,2.06,3.46,3.3,1.88,1.98,1.86,2.01,1.93,2.05,1.84,1.93,-0.25,1.8,2.05,1.83,2.08,1.87,2.08,1.81,2.01
SC1,24/11/2020,19:00,Hearts,Alloa,3,0,H,3,0,H,G Irvine,15,3,5,1,13,24,4,3,1,5,0,0,1.14,7,10,,,,1.17,6,13,1.17,7.61,19.27,1.14,6.5,17,1.18,7,17,1.21,7.61,19.27,1.17,6.69,14.59,1.61,2.25,1.62,2.35,1.66,2.35,1.61,2.25,-2,,,2.04,1.84,2.09,1.85,2.01,1.8,1.14,8,15,,,,1.17,6.25,13,1.16,7.99,19.09,1.14,6.5,17,1.18,7,17,1.2,8,19.09,1.16,6.94,14.5,1.53,2.4,1.52,2.6,1.62,2.6,1.53,2.4,-2,2,1.85,1.97,1.88,2.08,1.91,1.97,1.83
SC1,04/12/2020,19:45,Queen of Sth,Inverness C,0,3,A,0,1,A,S McLean,9,14,0,6,4,6,8,1,1,1,0,0,2.6,3.25,2.37,2.7,3.3,2.3,2.65,3.1,2.5,2.8,3.46,2.58,2.7,3.2,2.45,2.75,3.4,2.55,2.88,3.5,2.61,2.7,3.33,2.45,1.85,1.95,1.88,2,1.96,2,1.86,1.91,0,2,1.85,2.03,1.87,2.09,1.88,2,1.8,2.75,3.3,2.25,2.65,3.4,2.3,2.7,3.15,2.4,2.95,3.55,2.42,2.8,3.2,2.38,2.88,3.4,2.45,2.99,3.55,2.45,2.78,3.35,2.36,1.8,2,1.84,2.04,2,2.07,1.83,1.93,0.25,1.75,2.05,1.81,2.1,1.85,2.17,1.75,2.08
SC1,05/12/2020,15:00,Alloa,Ayr,0,2,A,0,1,A,B Cook,10,10,5,5,9,15,4,7,1,1,0,1,3,3.4,2.05,3.2,3.4,2,3.2,3.1,2.15,3.38,3.4,2.2,3.25,3.2,2.15,3.3,3.3,2.2,3.4,3.46,2.2,3.23,3.31,2.13,1.9,1.9,1.97,1.88,2,1.98,1.91,1.84,0.25,1.98,1.88,1.97,1.9,2.04,1.9,1.94,1.85,2.87,3.4,2.15,3.1,3.3,2.05,2.9,3.2,2.25,3.15,3.51,2.32,3,3.3,2.2,3.13,3.5,2.25,3.25,3.56,2.32,3.01,3.37,2.21,1.8,2,1.8,2.07,1.89,2.07,1.77,2,0.25,1.85,2,1.89,2,1.95,2.07,1.87,1.94
SC1,05/12/2020,15:00,Dundee,Arbroath,1,0,H,1,0,H,C Graham,14,7,4,3,10,14,4,3,2,2,0,0,1.8,3.5,3.75,1.8,3.5,3.7,1.9,3.45,3.65,1.94,3.9,3.7,1.88,3.3,3.9,1.9,3.6,4.1,1.94,3.9,4.1,1.87,3.58,3.76,2,1.8,2.03,1.83,2.1,1.84,1.99,1.77,-0.5,1.93,1.93,1.94,1.93,1.95,2.05,1.87,1.92,1.7,3.6,4,1.8,3.5,3.7,1.8,3.35,4,1.86,3.84,4.22,1.78,3.5,4.2,1.83,3.6,4.4,1.86,3.84,4.42,1.79,3.59,4.08,2.05,1.75,2.06,1.82,2.06,1.84,2,1.77,-0.5,1.83,2.02,1.86,2.04,1.86,2.12,1.8,2
SC1,05/12/2020,15:00,Morton,Hearts,0,2,A,0,1,A,G Aitken,6,14,2,6,14,6,4,8,0,0,0,0,7,4.5,1.33,5.75,4.5,1.4,7,4.4,1.37,8.01,4.75,1.41,8,4.33,1.36,8.5,4.6,1.4,8.5,4.85,1.41,7.29,4.59,1.37,1.65,2.2,1.66,2.27,1.66,2.32,1.62,2.21,1.25,1.98,1.88,1.98,1.89,2,1.95,1.94,1.86,7,4.5,1.33,5.75,4.5,1.4,7.25,4.5,1.35,8.19,4.97,1.4,7.5,4.4,1.36,8,4.75,1.4,8.19,5,1.42,7.19,4.66,1.38,1.65,2.2,1.69,2.23,1.7,2.38,1.64,2.2,1.25,2,1.85,2,1.89,2.03,1.95,1.94,1.87
SC1,05/12/2020,15:00,Raith Rvs,Dunfermline,2,2,D,1,0,H,E Anderson,11,10,6,4,13,15,9,5,3,3,0,0,2.87,3.4,2.1,2.85,3.4,2.15,2.85,3.4,2.2,2.99,3.78,2.28,2.9,3.4,2.2,2.9,3.5,2.38,3.03,3.83,2.38,2.87,3.52,2.23,1.7,2.1,1.68,2.23,1.7,2.25,1.66,2.14,0.25,1.85,2,1.88,1.99,1.89,2.08,1.82,1.98,3,3.5,2.05,2.85,3.4,2.15,2.95,3.45,2.15,3.06,3.91,2.21,3.2,3.5,2.05,3.2,3.6,2.2,3.2,3.91,2.24,2.99,3.63,2.13,1.66,2.15,1.62,2.37,1.7,2.37,1.62,2.23,0.25,1.93,1.93,1.94,1.94,1.98,1.95,1.92,1.89
SC1,11/12/2020,19:45,Ayr,Raith Rvs,0,0,D,0,0,D,A Muir,10,10,3,2,19,12,6,11,3,2,0,0,2.25,3.5,2.62,2.45,3.2,2.55,2.45,3.15,2.65,2.57,3.5,2.79,2.4,3.25,2.7,2.45,3.5,2.8,2.57,3.59,2.8,2.45,3.36,2.67,1.72,2.07,1.76,2.12,1.86,2.16,1.75,2.02,0,1.8,2.05,1.87,2.02,1.87,2.11,1.8,2,2.25,3.5,2.62,2.45,3.2,2.55,2.4,3.15,2.7,2.51,3.53,2.84,2.4,3.25,2.7,2.45,3.5,2.8,2.53,3.59,2.85,2.4,3.38,2.71,1.93,1.93,1.93,1.94,2.03,1.96,1.94,1.87,0,1.8,2.05,1.83,2.07,1.85,2.13,1.78,2.02
SC1,12/12/2020,15:00,Arbroath,Alloa,0,1,A,0,0,D,P Stuart,7,9,3,3,19,5,4,1,1,0,0,0,1.83,3.6,3.4,1.9,3.5,3.4,1.95,3.25,3.65,1.99,3.55,3.89,2,3.25,3.6,2.05,3.4,3.8,2.05,3.6,3.9,1.95,3.41,3.65,2.05,1.75,2.06,1.81,2.11,1.84,1.98,1.78,-0.5,1.98,1.88,1.99,1.88,2.01,1.9,1.95,1.84,1.85,3.6,3.3,1.9,3.5,3.4,1.95,3.15,3.65,2,3.58,3.92,1.95,3.25,3.75,2,3.4,3.9,2.02,3.6,4.04,1.94,3.38,3.68,2.07,1.72,2.07,1.81,2.18,1.82,2.03,1.75,-0.5,2,1.85,2,1.89,2.05,1.92,1.95,1.84
SC1,12/12/2020,15:00,Dunfermline,Morton,1,2,A,0,1,A,D Munro,11,8,5,6,9,8,3,2,0,1,0,0,1.53,4,5,1.6,3.6,4.75,1.6,3.75,4.9,1.63,4.13,5.34,1.57,3.7,5.5,1.6,4,5.75,1.65,4.13,5.75,1.6,3.89,5.03,1.8,2,1.85,2.01,1.88,2.06,1.81,1.94,-1,2.02,1.77,2.15,1.75,2.15,1.82,2.05,1.75,1.5,4,5.25,1.55,3.6,5.25,1.53,3.85,5.25,1.58,4.26,5.83,1.52,3.9,5.8,1.57,4,6,1.59,4.4,6,1.55,4.05,5.31,1.72,2.07,1.77,2.11,1.82,2.13,1.74,2.03,-1,1.98,1.88,2.02,1.87,2.04,1.94,1.95,1.85
SC1,12/12/2020,15:00,Hearts,Queen of Sth,6,1,H,2,0,H,W Collum,20,5,8,2,6,6,8,1,0,0,0,0,1.22,5.5,8.5,1.26,5.25,7.75,1.27,5,8.75,1.26,6.01,11.81,1.25,5.25,10,1.29,5.75,10.5,1.31,6.01,11.81,1.27,5.46,9.09,1.57,2.35,1.56,2.48,1.58,2.48,1.55,2.36,-1.5,1.88,1.98,1.88,1.99,1.91,2.02,1.84,1.95,1.25,5.25,11,1.26,5.25,7.75,1.27,5.25,8.75,1.26,6.24,11.67,1.25,5.25,10,1.29,5.75,10,1.29,6.5,11.67,1.26,5.57,9.24,1.5,2.5,1.5,2.69,1.57,2.69,1.51,2.45,-1.5,1.83,2.02,1.84,2.06,1.9,2.06,1.82,1.98
SC1,12/12/2020,15:00,Inverness C,Dundee,2,2,D,0,1,A,C Napier,12,13,7,3,12,13,4,3,4,2,0,0,2.2,3.5,2.7,2.3,3.25,2.75,2.3,3.15,2.85,2.33,3.53,3.06,2.3,3.2,2.9,2.4,3.3,3,2.43,3.53,3.07,2.31,3.32,2.88,2,1.8,2.02,1.84,2.06,1.84,1.97,1.79,-0.25,1.98,1.83,2.02,1.86,2.12,1.87,2.01,1.79,2.15,3.5,2.75,2.2,3.3,2.8,2.25,3.1,3,2.31,3.5,3.17,2.2,3.2,3.1,2.3,3.3,3.2,2.32,3.52,3.23,2.24,3.3,3.01,2.05,1.75,2.07,1.81,2.07,1.83,1.99,1.78,-0.25,2.02,1.83,1.99,1.89,2.06,1.93,1.97,1.84
SC1,19/12/2020,15:00,Alloa,Inverness C,2,1,H,0,1,A,S Kirkland,10,14,2,7,7,14,7,10,0,2,0,0,3.75,3.6,1.9,3.6,3.25,1.9,3.6,3.55,1.9,3.66,4.05,1.92,3.7,3.3,1.95,3.8,3.6,1.95,3.8,4.05,2,3.61,3.6,1.9,1.85,1.95,1.85,2.01,1.89,2.01,1.82,1.93,0.5,1.93,1.93,1.95,1.92,1.96,1.99,1.88,1.91,4.2,3.75,1.8,3.6,3.25,1.9,3.8,3.5,1.9,3.97,4.09,1.85,3.75,3.4,1.88,3.9,3.7,1.87,4.2,4.09,1.91,3.77,3.65,1.86,1.8,2,1.84,2.04,1.87,2.05,1.81,1.95,0.5,2,1.85,2.04,1.85,2.04,1.95,1.93,1.88
SC1,19/12/2020,15:00,Arbroath,Ayr,2,1,H,2,0,H,D Lowe,14,6,7,2,13,5,8,4,3,1,0,0,2.8,3.3,2.4,2.6,3.2,2.45,2.9,3.1,2.4,3.04,3.36,2.43,2.9,3.1,2.35,2.88,3.3,2.5,3.07,3.36,2.5,2.85,3.22,2.4,2.05,1.75,2.15,1.73,2.21,1.79,2.07,1.72,0,2.1,1.77,2.17,1.73,2.17,1.83,2.07,1.75,2.8,3.3,2.45,2.8,3.1,2.3,2.85,2.95,2.5,2.92,3.31,2.58,2.88,3.1,2.4,2.88,3.2,2.5,2.94,3.31,2.6,2.83,3.15,2.45,2.15,1.66,2.2,1.71,2.31,1.73,2.17,1.66,0,2.05,1.8,2.08,1.83,2.2,1.86,2.04,1.78
SC1,19/12/2020,15:00,Dundee,Dunfermline,3,3,D,1,0,H,G Irvine,10,8,6,7,14,13,5,5,0,2,0,0,2.4,3.4,2.8,2.25,3.2,2.8,2.45,3.15,2.75,2.58,3.35,2.84,2.45,3.1,2.75,2.55,3.25,2.88,2.58,3.4,2.88,2.45,3.24,2.76,2,1.8,2.07,1.78,2.07,1.88,1.98,1.79,0,1.83,2.02,1.85,2.03,1.86,2.08,1.79,2.01,2.3,3.4,2.9,2.25,3.2,2.8,2.4,3.05,2.95,2.43,3.43,3.04,2.35,3.2,2.88,2.38,3.3,3,2.52,3.44,3.04,2.36,3.26,2.88,1.95,1.85,1.98,1.88,2.03,1.88,1.94,1.83,-0.25,2.1,1.77,2.09,1.82,2.13,1.84,2.06,1.77
SC1,19/12/2020,15:00,Morton,Queen of Sth,2,0,H,1,0,H,C Steven,9,9,6,4,16,10,3,3,0,3,0,0,2,3.4,3.1,2.05,3.5,3,2.15,3.3,3.15,2.16,3.61,3.34,2.15,3.25,3.2,2.15,3.5,3.3,2.19,3.61,3.34,2.11,3.43,3.18,1.8,2,1.86,1.99,1.86,2.03,1.8,1.96,-0.25,1.88,1.98,1.87,2,1.95,2.02,1.85,1.95,2.1,3.4,2.9,2.1,3.5,2.85,2.25,3.3,3,2.25,3.79,3.08,2.15,3.4,3,2.15,3.6,3.13,2.26,3.79,3.13,2.18,3.5,2.97,1.7,2.1,1.7,2.21,1.85,2.21,1.7,2.1,-0.25,1.95,1.9,1.96,1.93,1.97,1.98,1.92,1.9
SC1,26/12/2020,15:00,Alloa,Raith Rvs,2,5,A,0,2,A,S McLean,10,7,3,6,15,10,4,4,2,2,0,0,3.3,3.3,2,3.2,3.4,2,3.2,3.45,2.05,3.38,3.69,2.12,3.2,3.4,2.05,3.1,3.4,2,3.39,3.7,2.12,3.22,3.52,2.05,1.66,2.15,1.73,2.15,1.74,2.22,1.68,2.11,0.25,2,1.85,2.04,1.84,2.05,1.89,1.99,1.82,3.4,3.5,2.05,3.2,3.2,2.05,3.35,3.3,2.05,3.57,3.6,2.1,3.25,3.25,2.1,3.4,3.5,2.1,3.68,3.63,2.15,3.34,3.43,2.06,1.85,1.95,1.88,1.99,1.92,2.02,1.84,1.92,0.25,2.05,1.8,2.09,1.82,2.13,1.89,2.02,1.81
SC1,26/12/2020,15:00,Dunfermline,Arbroath,1,0,H,0,0,D,S Kirkland,9,5,5,3,8,9,6,7,2,3,0,0,1.6,3.6,4.75,1.6,3.6,4.75,1.73,3.6,4.4,1.76,3.92,4.55,1.7,3.6,4.5,1.65,3.5,4.4,1.76,3.92,4.75,1.7,3.69,4.48,1.9,1.95,1.9,1.95,1.96,1.98,1.86,1.9,-0.75,1.93,1.93,1.99,1.88,1.99,1.95,1.92,1.89,1.75,3.6,4.5,1.7,3.6,4.1,1.8,3.4,4.3,1.83,3.76,4.5,1.78,3.4,4.2,1.8,3.6,4.5,1.85,3.76,4.58,1.77,3.56,4.31,2,1.8,2.02,1.85,2.05,1.88,1.97,1.8,-0.75,2.1,1.77,2.09,1.8,2.13,1.84,2.03,1.8
SC1,26/12/2020,15:00,Hearts,Ayr,5,3,H,1,0,H,D Munro,22,9,10,4,9,9,8,3,0,0,0,0,1.36,4.2,7,1.4,4.2,6.5,1.4,4.6,6.5,1.43,4.91,7.15,1.38,4.4,7,1.4,4.33,6,1.44,5,7.16,1.41,4.64,6.41,1.53,2.4,1.53,2.55,1.53,2.61,1.5,2.48,-1.25,1.93,1.93,1.93,1.93,1.98,1.96,1.91,1.89,1.28,5.25,11,1.3,4.6,8,1.27,5.5,9.5,1.29,6.09,9.4,1.25,5.25,10,1.29,5.5,10,1.34,6.32,11,1.27,5.53,9.15,1.5,2.5,1.5,2.66,1.53,2.7,1.49,2.53,-1.5,1.8,2,1.81,2.06,1.9,2.12,1.8,2.01
SC1,26/12/2020,15:00,Queen of Sth,Dundee,1,3,A,0,2,A,A Newlands,4,7,3,6,15,13,4,4,2,1,0,0,3.6,3.3,1.9,3.3,3.4,1.95,3.25,3.3,2.1,3.48,3.59,2.11,3.3,3.3,2.05,3.25,3.3,1.95,3.6,3.67,2.11,3.32,3.44,2.04,1.8,2,1.84,2.02,1.84,2.05,1.78,1.98,0.5,1.83,2.02,1.78,2.1,1.84,2.1,1.76,2.05,4,3.6,1.85,3.6,3.4,1.87,3.7,3.4,1.95,3.97,3.83,1.92,3.5,3.4,1.95,3.7,3.6,1.95,4.01,3.83,2.03,3.65,3.55,1.92,1.75,2.05,1.78,2.11,1.81,2.11,1.76,2.02,0.5,1.93,1.93,1.97,1.92,1.98,2.03,1.86,1.95
SC1,29/12/2020,18:00,Ayr,Morton,1,1,D,1,1,D,G Duncan,10,5,1,2,8,9,3,5,1,0,0,0,2,3.6,3.6,2.05,3.2,3.2,2.05,3.3,3.35,2.05,3.68,3.63,2,3.4,3.4,2.05,3.5,3.5,2.11,3.68,3.63,2.04,3.46,3.37,1.8,2,1.85,2.02,1.92,2.03,1.83,1.94,-0.5,2.02,1.83,2.05,1.84,2.11,1.84,2.06,1.77,2,3.5,3.6,2.05,3.2,3.25,2.1,3.3,3.3,2.15,3.6,3.43,2.05,3.3,3.4,2.1,3.5,3.4,2.16,3.62,3.6,2.08,3.43,3.29,1.8,2,1.82,2.04,1.87,2.06,1.79,1.99,-0.25,1.85,2,1.86,2.03,1.92,2.06,1.82,2
SC1,29/12/2020,18:30,Inverness C,Dunfermline,1,1,D,0,1,A,E Anderson,10,10,5,3,14,7,6,6,3,1,0,0,2.4,3.5,2.75,2.4,3.2,2.6,2.45,3.1,2.8,2.52,3.36,2.95,2.4,3.2,2.8,2.5,3.3,2.8,2.55,3.5,2.95,2.45,3.26,2.77,1.9,1.9,1.93,1.94,1.93,1.98,1.87,1.9,0,1.8,2.05,1.8,2.11,1.84,2.13,1.8,2.02,2.3,3.5,2.9,2.35,3.2,2.7,2.35,3.1,2.95,2.38,3.33,3.18,2.25,3.1,3.1,2.38,3.3,3,2.51,3.5,3.2,2.34,3.22,2.93,2,1.8,1.98,1.89,2.05,2.05,1.91,1.86,-0.25,2.02,1.83,2.04,1.85,2.12,1.86,2.05,1.78
SC1,29/12/2020,19:45,Dundee,Alloa,3,1,H,0,1,A,S Reid,10,2,6,1,19,12,3,0,1,3,0,0,1.53,4,6.5,1.53,3.7,5.5,1.53,3.9,6,1.54,4.3,6.48,1.5,3.9,6,1.53,4.1,6,1.57,4.3,6.64,1.53,4.03,5.8,1.8,2,1.85,2.02,1.86,2.07,1.79,1.99,-1,1.9,1.95,1.93,1.96,1.98,2.01,1.92,1.89,1.45,4.2,7,1.53,3.6,5.5,1.5,3.9,6.25,1.51,4.23,7.11,1.47,3.9,6.5,1.45,4.2,7,1.53,4.36,7.44,1.49,4.04,6.27,2.02,1.83,2.01,1.87,2.02,2.06,1.89,1.88,-1,1.85,2,1.88,2,1.89,2.05,1.84,1.97
SC1,29/12/2020,19:45,Hearts,Arbroath,3,1,H,3,0,H,N Walsh,11,3,5,1,17,10,3,2,2,2,0,0,1.18,6.5,15,1.2,5.75,10,1.22,6,12,1.23,6.56,12.64,1.2,5.5,13,1.2,6.5,13,1.25,7,15,1.21,6.09,11.58,1.6,2.3,1.6,2.39,1.63,2.41,1.58,2.32,-1.75,1.88,1.98,1.89,1.98,1.95,2.02,1.88,1.94,1.18,6.5,15,1.18,6,10.5,1.2,6.25,12,1.21,7.03,13.35,1.18,6,13,1.18,7,15,1.22,7.03,15,1.19,6.48,12.33,1.5,2.5,1.48,2.7,1.52,2.7,1.48,2.56,-2,2.02,1.83,2.05,1.83,2.08,1.86,1.98,1.81
SC1,29/12/2020,19:45,Raith Rvs,Queen of Sth,0,2,A,0,1,A,B Cook,5,6,1,4,11,11,10,6,3,3,0,0,1.57,4.33,5,1.57,4,4.5,1.57,4.1,5,1.58,4.38,5.71,1.47,4.2,5.8,1.57,4.2,5.25,1.65,4.58,5.8,1.55,4.21,5.11,1.57,2.35,1.57,2.48,1.6,2.48,1.56,2.35,-1,1.95,1.85,1.94,1.94,2.03,1.98,1.93,1.87,1.45,4.75,6,1.42,4.5,5.5,1.5,4.3,6,1.54,4.63,5.84,1.4,4.33,7,1.45,4.6,6.5,1.54,5,7,1.45,4.53,5.97,1.57,2.35,1.57,2.49,1.58,2.58,1.54,2.4,-1,1.83,2.02,1.9,1.98,1.9,2.36,1.74,2.09
SC1,02/01/2021,15:00,Alloa,Morton,1,1,D,0,0,D,G Irvine,10,7,4,4,8,17,6,9,1,1,0,0,2.8,3.5,2.2,2.7,3.4,2.25,2.8,3.25,2.35,2.92,3.52,2.42,2.88,3.2,2.35,2.8,3.3,2.2,3,3.52,2.47,2.81,3.39,2.32,1.8,2,1.88,1.97,1.9,2,1.82,1.93,0.25,1.8,2.05,1.79,2.1,1.88,2.12,1.79,2.03,2.55,3.5,2.4,2.55,3.4,2.35,2.65,3.25,2.5,2.7,3.57,2.61,2.6,3.25,2.5,2.7,3.4,2.55,2.86,3.57,2.61,2.63,3.38,2.48,1.8,2,1.9,1.97,1.9,2.05,1.81,1.96,0,2,1.85,1.97,1.91,2.06,1.93,1.97,1.84
SC1,02/01/2021,15:00,Queen of Sth,Ayr,3,2,H,2,1,H,G Aitken,12,15,8,6,8,14,5,8,2,2,0,0,3.1,3.4,2.1,2.85,3.5,2.1,2.85,3.45,2.25,2.93,3.77,2.32,2.88,3.4,2.25,2.88,3.4,2.1,3.1,3.77,2.33,2.89,3.55,2.21,1.61,2.25,1.68,2.23,1.68,2.29,1.63,2.19,0.25,1.88,1.98,1.85,2.02,1.96,2.02,1.86,1.94,2.37,3.3,2.7,2.4,3.4,2.5,2.5,3.2,2.7,2.51,3.6,2.8,2.45,3.3,2.62,2.5,3.5,2.7,2.63,3.62,2.84,2.46,3.41,2.65,1.72,2.07,1.75,2.15,1.76,2.2,1.7,2.09,0,1.83,2.02,1.84,2.06,1.93,2.07,1.84,1.96
SC1,02/01/2021,19:20,Dundee,Hearts,3,1,H,2,0,H,D Robertson,9,9,7,6,18,13,5,4,2,1,0,0,4.33,3.75,1.66,4.1,3.6,1.7,4.4,3.65,1.73,4.72,3.9,1.74,4.6,3.6,1.7,4.2,3.6,1.67,4.9,4.05,1.75,4.39,3.73,1.71,1.72,2.07,1.75,2.13,1.76,2.15,1.7,2.08,0.75,1.9,1.95,1.92,1.95,1.95,2,1.88,1.93,4,3.6,1.75,4,3.6,1.8,3.9,3.45,1.85,4.24,3.82,1.85,3.9,3.4,1.85,4,3.7,1.85,4.24,3.85,1.91,3.88,3.63,1.83,1.8,2,1.84,2.04,1.84,2.17,1.74,2.05,0.5,2,1.85,2.04,1.85,2.06,1.91,1.97,1.84
SC1,15/01/2021,19:45,Morton,Dunfermline,0,0,D,0,0,D,S Kirkland,4,15,0,4,8,11,4,9,0,1,0,0,3.4,3.6,2.05,3.1,3.3,2.05,3.25,3.25,2.15,3.51,3.55,2.14,3.3,3.25,2.1,3.4,3.5,2.1,3.51,3.6,2.16,3.3,3.39,2.09,1.85,1.95,1.89,1.98,1.91,2.02,1.83,1.93,0.25,2.05,1.8,2.14,1.76,2.14,1.87,2.01,1.81,3.75,3.75,1.9,3.4,3.3,1.95,3.7,3.35,1.95,4.01,3.62,1.96,3.6,3.3,1.95,3.9,3.6,1.9,4.04,3.75,2.04,3.69,3.47,1.92,1.9,1.9,1.92,1.95,2.02,1.98,1.87,1.89,0.5,1.93,1.93,1.93,1.96,1.98,2,1.88,1.92
SC1,16/01/2021,15:00,Alloa,Hearts,1,3,A,0,2,A,A Muir,3,15,2,6,17,22,2,8,1,2,1,0,12,6,1.22,10.5,5.5,1.2,10,5.5,1.25,11.11,5.66,1.28,11,5.25,1.24,10.5,5.25,1.2,12,6.09,1.29,10.25,5.59,1.24,1.53,2.4,1.56,2.45,1.57,2.51,1.53,2.39,1.75,1.9,1.95,1.87,1.99,1.92,2.01,1.86,1.94,10,5.5,1.28,8.5,5,1.26,8.75,5.5,1.3,10.78,5.68,1.3,11,5,1.25,10,5.5,1.29,11,5.85,1.31,9.35,5.44,1.27,1.47,2.6,1.49,2.69,1.53,2.7,1.47,2.55,1.5,2.02,1.83,2.02,1.87,2.07,1.87,2.02,1.79
SC1,16/01/2021,15:00,Queen of Sth,Arbroath,2,2,D,0,0,D,S Reid,5,9,3,4,14,16,4,6,3,2,0,0,2.3,3.5,2.87,2.3,3.25,2.75,2.35,3.2,2.9,2.37,3.48,3.04,2.35,3.2,2.88,2.25,3.2,2.75,2.41,3.5,3.1,2.32,3.32,2.86,1.85,1.95,1.93,1.93,1.93,1.98,1.86,1.9,-0.25,2.05,1.8,2.05,1.83,2.08,1.86,2.02,1.79,2.15,3.6,3.1,2.2,3.2,2.9,2.2,3.2,3.1,2.25,3.62,3.2,2.3,3.1,3,2.2,3.4,3.2,2.43,3.62,3.25,2.22,3.34,3.04,2,1.8,1.98,1.89,2.09,1.9,1.95,1.81,-0.25,1.93,1.93,1.95,1.93,2,1.97,1.93,1.88
SC1,22/01/2021,19:45,Arbroath,Dundee,1,1,D,0,1,A,G Aitken,10,6,3,3,12,12,3,7,1,2,0,0,3.75,3.4,1.8,3.4,3.4,1.91,3.85,3.35,1.9,4.04,3.74,1.93,3.8,3.4,1.88,4.1,3.6,1.85,4.2,3.74,1.93,3.78,3.48,1.89,1.95,1.85,1.97,1.9,2,1.96,1.91,1.85,0.5,1.98,1.88,1.96,1.93,2.02,1.95,1.91,1.88,4.5,3.6,1.6,4,3.6,1.72,4.7,3.5,1.7,5.01,3.93,1.71,4.6,3.6,1.7,5.25,3.7,1.67,5.25,3.95,1.83,4.64,3.66,1.68,2,1.8,2.05,1.83,2.05,1.85,1.97,1.79,0.75,1.9,1.95,1.94,1.94,1.99,1.98,1.91,1.9
SC1,23/01/2021,15:00,Dunfermline,Ayr,0,0,D,0,0,D,D Robertson,7,3,0,1,10,13,7,6,0,0,0,0,1.72,3.5,4,1.72,3.6,4,1.83,3.55,3.9,1.86,3.83,4.11,1.8,3.5,4,1.75,3.5,3.8,1.86,3.85,4.22,1.8,3.65,3.91,1.8,2,1.83,2.04,1.83,2.05,1.78,1.97,-0.5,1.83,2.02,1.86,2.01,1.9,2.05,1.81,1.98,1.61,3.6,4.5,1.7,3.7,4,1.7,3.75,4.3,1.74,4,4.71,1.65,3.8,4.5,1.67,4,4.75,1.81,4.1,4.75,1.7,3.85,4.32,1.7,2.1,1.72,2.19,1.81,2.19,1.72,2.08,-0.75,1.88,1.98,1.95,1.93,1.95,2.06,1.89,1.92
SC1,23/01/2021,15:00,Hearts,Raith Rvs,2,3,A,0,1,A,J Beaton,12,8,8,4,12,16,15,2,1,3,0,0,1.25,5.5,7.5,,,,1.33,4.9,8,1.3,5.63,9.64,1.29,5,9,1.3,4.6,7.5,1.33,5.75,9.64,1.3,5.25,8.31,1.6,2.3,1.56,2.45,1.62,2.45,1.57,2.33,-1.5,,,1.95,1.9,2.03,1.9,1.92,1.86,1.22,5.5,9,1.28,5,7.75,1.27,5.5,9,1.28,6.11,10.14,1.25,5.25,10,1.25,6,11,1.3,6.11,11,1.26,5.61,9.07,1.47,2.6,1.46,2.77,1.57,2.77,1.49,2.53,-1.5,1.85,2,1.77,2.11,1.9,2.11,1.8,2.01
SC1,23/01/2021,15:00,Queen of Sth,Morton,2,1,H,2,0,H,A Newlands,5,14,3,5,7,10,4,8,0,2,0,0,2.2,3.4,2.75,2.25,3.4,2.7,2.35,3.2,2.9,2.33,3.54,3.06,2.3,3.2,2.9,2.25,3.13,2.8,2.36,3.54,3.06,2.28,3.32,2.88,1.95,1.85,1.97,1.88,2.02,1.88,1.94,1.81,-0.25,2.02,1.83,2.02,1.86,2.07,1.86,2,1.8,2.2,3.5,2.75,2.05,3.3,3.1,2.3,3.15,3,2.37,3.48,3.09,2.25,3.2,3,2.25,3.4,3.1,2.37,3.55,3.12,2.25,3.32,2.98,1.95,1.85,1.93,1.93,2.02,1.94,1.92,1.85,-0.25,2.02,1.83,2.04,1.85,2.07,1.91,1.97,1.84
SC1,26/01/2021,19:45,Raith Rvs,Hearts,0,4,A,0,2,A,E Anderson,0,21,0,13,8,8,1,11,1,1,1,0,5,4,1.61,4.6,3.6,1.62,4.6,3.7,1.67,5.07,3.88,1.72,5.25,3.6,1.6,5,3.8,1.67,5.75,4,1.72,4.84,3.73,1.65,1.6,2.3,1.65,2.31,1.65,2.38,1.6,2.24,0.75,1.98,1.83,1.97,1.92,2.05,1.92,1.96,1.84,6.5,4.33,1.44,4.6,3.9,1.57,6,4.3,1.47,6.13,4.77,1.5,5.5,4,1.52,5.5,4.33,1.55,6.5,4.77,1.67,5.48,4.28,1.51,1.53,2.4,1.54,2.56,1.65,2.56,1.54,2.38,1.25,1.8,2,1.83,2.07,1.86,2.13,1.75,2.08
SC1,27/01/2021,18:30,Morton,Inverness C,2,2,D,1,2,A,P Stuart,11,16,5,8,14,13,7,11,1,0,1,0,3.1,3.3,2.05,2.75,3.2,2.3,3,3.35,2.2,3.2,3.62,2.22,2.9,3.3,2.25,2.9,3.3,2.1,3.2,3.62,2.36,2.98,3.42,2.19,1.8,2,1.83,2.03,1.84,2.04,1.79,1.97,0.25,1.93,1.93,1.94,1.93,1.94,2,1.88,1.9,3.3,3.3,1.95,3.1,3.3,2.05,3.3,3.35,2.05,3.47,3.63,2.13,3.3,3.3,2.05,3.3,3.6,2.1,3.47,3.63,2.15,3.25,3.48,2.06,1.8,2,1.82,2.05,1.85,2.11,1.77,2,0.25,2.02,1.83,2.05,1.84,2.09,1.88,1.99,1.82
SC1,30/01/2021,15:00,Ayr,Alloa,4,1,H,2,1,H,P Stuart,9,7,5,5,12,11,2,3,0,4,0,0,1.72,3.5,4.33,1.72,3.6,4,1.8,3.7,3.9,1.8,4.09,4.14,1.78,3.6,4,1.75,3.6,3.7,1.82,4.17,4.33,1.77,3.82,3.92,1.57,2.35,1.58,2.43,1.63,2.43,1.58,2.31,-0.75,2.02,1.83,2.02,1.85,2.09,1.88,2,1.81,1.75,3.5,4.2,1.8,3.7,3.5,1.9,3.55,3.7,1.88,4.01,3.95,1.8,3.6,3.9,1.83,3.8,4,1.9,4.01,4.2,1.83,3.74,3.77,1.66,2.15,1.71,2.21,1.73,2.28,1.65,2.16,-0.5,1.85,2,1.88,2.01,1.88,2.04,1.83,1.97
SC1,30/01/2021,15:00,Hearts,Dunfermline,1,0,H,0,0,D,W Collum,13,9,7,4,13,15,8,6,0,1,0,0,1.45,4,6.5,1.53,3.6,5.75,1.53,4.2,5.75,1.52,4.38,6.29,1.5,3.9,6,1.45,4.1,5.25,1.56,4.4,6.5,1.5,4.2,5.72,1.57,2.35,1.58,2.44,1.61,2.44,1.56,2.33,-1,1.83,2.02,1.83,2.05,1.94,2.05,1.82,1.98,1.44,4,7,1.42,4.2,6,1.45,4.3,6,1.49,4.48,7.03,1.42,4.2,7,1.45,4.5,7,1.56,4.51,7.03,1.45,4.32,6.24,1.57,2.35,1.63,2.37,1.64,2.55,1.57,2.31,-1.25,2.02,1.83,2.04,1.85,2.07,1.85,2,1.81
SC1,30/01/2021,15:00,Morton,Arbroath,0,1,A,0,0,D,D Dickinson,11,10,6,4,6,14,4,6,2,3,0,0,2.3,3.25,2.8,2.35,3.2,2.7,2.4,3.2,2.85,2.47,3.48,2.89,2.4,3.2,2.8,2.3,3.13,2.7,2.47,3.49,2.89,2.38,3.29,2.8,2,1.8,1.98,1.88,2.01,1.88,1.93,1.82,0,1.77,2.1,1.79,2.1,1.81,2.13,1.76,2.06,2.6,3.25,2.5,2.35,3.2,2.7,2.7,3,2.6,2.78,3.35,2.67,2.55,3.2,2.62,2.7,3.25,2.63,2.82,3.42,2.81,2.6,3.21,2.61,2.02,1.83,2.12,1.76,2.12,1.86,2.02,1.75,0,1.93,1.93,1.98,1.9,2.07,1.97,1.91,1.89
SC1,30/01/2021,15:00,Raith Rvs,Dundee,3,1,H,1,1,D,C Napier,8,5,6,2,11,10,8,4,2,2,0,0,2.7,3.3,2.37,2.7,3.3,2.3,2.75,3.35,2.4,2.87,3.63,2.41,2.75,3.3,2.35,2.55,3.3,2.38,2.93,3.67,2.46,2.72,3.46,2.35,1.7,2.1,1.7,2.2,1.73,2.21,1.68,2.11,0,2,1.85,2.11,1.77,2.12,1.89,2.02,1.78,3.4,3.4,1.95,3.1,3.3,2.05,3.3,3.4,2.05,3.49,3.72,2.09,3.4,3.4,2,3.5,3.6,2,3.6,3.75,2.15,3.29,3.49,2.03,1.7,2.1,1.74,2.15,1.75,2.17,1.7,2.08,0.25,2.05,1.8,2.08,1.82,2.09,1.87,2.01,1.79
SC1,03/02/2021,19:45,Arbroath,Inverness C,1,1,D,1,0,H,A Newlands,12,11,4,3,12,9,3,5,1,1,0,0,4.2,3.3,1.9,3.9,3.4,1.78,3.85,3.35,1.9,3.98,3.67,1.93,3.9,3.4,1.85,3.9,3.25,1.8,4.2,3.67,1.95,3.86,3.45,1.88,2.05,1.75,2.05,1.81,2.12,1.83,1.99,1.77,0.5,1.95,1.9,1.93,1.93,1.98,1.95,1.91,1.88,3.3,3.4,2.15,3.3,3.3,2,3.25,3.2,2.15,3.36,3.51,2.22,3.2,3.2,2.15,3.3,3.4,2.15,3.77,3.64,2.23,3.24,3.34,2.13,2,1.8,2.05,1.83,2.09,1.86,1.99,1.78,0.25,1.95,1.9,1.98,1.91,2.01,1.97,1.94,1.87
SC1,03/02/2021,19:45,Dunfermline,Raith Rvs,4,1,H,1,0,H,C Steven,11,5,5,2,10,12,8,4,1,2,0,0,1.85,3.4,4.33,1.83,3.4,3.75,1.95,3.45,3.7,1.93,3.76,3.89,1.91,3.5,3.6,1.83,3.4,3.6,1.95,3.76,4.33,1.89,3.56,3.7,1.8,2,1.79,2.07,1.84,2.05,1.78,1.97,-0.5,1.93,1.93,1.93,1.93,1.98,1.96,1.9,1.89,1.95,3.5,3.6,1.83,3.4,3.75,2,3.35,3.5,2.05,3.7,3.61,1.91,3.5,3.6,1.95,3.6,3.7,2.05,3.74,3.85,1.95,3.52,3.54,1.85,1.95,1.84,2.04,1.92,2.05,1.81,1.95,-0.5,2.02,1.83,2.05,1.85,2.07,1.91,1.97,1.84
SC1,05/02/2021,19:45,Ayr,Hearts,0,1,A,0,0,D,S McLean,4,7,0,2,19,8,4,4,3,1,0,0,5.25,4,1.45,5.5,4.2,1.45,5.25,4.3,1.53,6.04,4.39,1.55,5.8,4,1.5,6,4.33,1.5,6.15,4.63,1.55,5.52,4.29,1.5,1.47,2.6,1.51,2.62,1.53,2.79,1.47,2.56,1,2.05,1.8,2.03,1.86,2.09,1.86,2,1.81,7,4.33,1.33,5.5,4.2,1.45,6,4.5,1.45,7.54,5.3,1.39,6.5,4.2,1.44,6.5,4.5,1.45,8.09,5.3,1.48,6.34,4.65,1.41,1.44,2.7,1.49,2.68,1.53,2.79,1.46,2.59,1.25,2.08,1.73,2.03,1.86,2.08,2.02,1.89,1.93
SC1,06/02/2021,15:00,Arbroath,Dunfermline,2,0,H,2,0,H,C Napier,14,12,4,4,5,10,5,5,1,1,0,0,3.3,3.3,1.95,3.2,3.4,2,3.4,3.3,2.05,3.64,3.7,2.02,3.4,3.4,2,3.3,3.2,2,3.68,3.71,2.08,3.42,3.44,2,2,1.8,1.98,1.88,2.03,1.88,1.94,1.82,0.25,2.05,1.8,2.14,1.75,2.16,1.83,2.06,1.76,3.75,3.4,1.8,3.3,3.5,1.91,3.9,3.25,1.95,4.22,3.5,1.95,3.75,3.25,1.95,3.9,3.5,1.93,4.24,3.58,2.01,3.78,3.4,1.92,2.1,1.7,2.17,1.73,2.2,1.83,2.02,1.76,0.5,1.93,1.93,1.93,1.95,1.99,2,1.87,1.94
SC1,06/02/2021,15:00,Morton,Raith Rvs,0,1,A,0,1,A,C Graham,6,10,0,4,14,11,4,4,1,4,0,0,2.87,3.2,2.2,2.7,3,2.45,2.8,3,2.5,2.92,3.15,2.64,2.8,3.2,2.4,2.6,3.3,2.3,3,3.34,2.64,2.81,3.11,2.46,1.66,2.15,1.69,2.21,1.73,2.21,1.68,2.12,0,2.05,1.8,2.04,1.84,2.11,1.84,2.03,1.78,2.75,3.2,2.3,2.7,3.2,2.35,2.85,3.2,2.4,2.89,3.48,2.5,2.8,3.2,2.38,2.8,3.4,2.45,3,3.48,2.52,2.83,3.27,2.38,1.8,2,1.84,2.04,1.86,2.14,1.74,2.03,0.25,1.73,2.08,1.76,2.14,1.82,2.16,1.77,2.05
SC1,06/02/2021,15:30,Alloa,Queen of Sth,2,1,H,1,1,D,G Duncan,8,13,4,6,9,11,3,9,3,1,0,0,2.55,3.6,2.25,2.65,3.4,2.3,2.75,3.35,2.4,2.86,3.62,2.42,2.7,3.4,2.35,2.6,3.3,2.3,2.87,3.65,2.44,2.71,3.48,2.35,1.66,2.15,1.68,2.24,1.71,2.24,1.66,2.15,0,2.05,1.8,2.1,1.78,2.1,1.85,2.03,1.77,2.55,3.6,2.25,2.65,3.4,2.3,2.8,3.25,2.4,2.88,3.58,2.46,2.75,3.3,2.35,2.8,3.5,2.38,2.9,3.74,2.47,2.76,3.41,2.34,1.72,2.07,1.76,2.13,1.78,2.17,1.7,2.1,0,2.1,1.77,2.11,1.8,2.14,1.81,2.07,1.76
SC1,12/02/2021,19:45,Queen of Sth,Hearts,1,1,D,1,0,H,C Steven,5,7,2,2,13,15,0,12,1,3,0,0,8.5,5.5,1.3,7.75,4.75,1.3,7.5,4.9,1.35,9.36,5.42,1.34,9,4.75,1.3,9,5.5,1.3,9.5,5.5,1.35,8.05,5.12,1.32,1.5,2.5,1.53,2.6,1.54,2.65,1.48,2.52,1.5,1.9,1.95,1.92,1.97,1.95,1.99,1.87,1.93,10,5.75,1.28,9,5,1.3,8,5.25,1.33,10.12,6,1.29,9,5,1.29,9,5.5,1.3,10.13,6.01,1.33,8.36,5.32,1.3,1.44,2.7,1.47,2.75,1.5,2.75,1.46,2.58,1.5,1.98,1.88,2.06,1.82,2.06,1.95,1.93,1.87
SC1,13/02/2021,15:00,Alloa,Arbroath,1,1,D,0,1,A,S Kirkland,7,10,3,5,11,21,2,7,2,1,1,1,2.7,3.6,2.25,2.75,3.3,2.25,2.9,3.3,2.25,3.05,3.67,2.28,2.9,3.4,2.2,2.88,3.13,2.2,3.05,3.73,2.35,2.89,3.4,2.24,2,1.8,1.97,1.88,2.06,1.88,1.94,1.82,0.25,1.8,2,1.88,1.98,1.89,2.05,1.81,1.97,3.1,3.75,2,2.95,3.4,2.1,3.25,3.2,2.15,3.32,3.58,2.21,3.1,3.3,2.15,3.3,3.4,2.15,3.41,3.75,2.32,3.14,3.42,2.13,2.05,1.75,2.09,1.79,2.09,1.92,1.95,1.81,0.25,1.98,1.88,1.98,1.91,2.01,1.95,1.95,1.87
